{"accuracy": [0.13282738626003265, 0.4102976322174072, 0.6584523916244507, 0.8105654716491699, 0.8797321319580078, 0.9176785945892334, 0.9405357241630554, 0.9521130919456482, 0.9632142782211304, 0.9586607217788696], "loss": [2.9885499477386475, 1.7558518648147583, 0.9974523186683655, 0.5461217164993286, 0.34284698963165283, 0.24118106067180634, 0.1825878620147705, 0.1489444226026535, 0.12793348729610443, 0.14607882499694824], "val_accuracy": [0.2594047486782074, 0.5410714149475098, 0.7921428680419922, 0.8510714173316956, 0.8732143044471741, 0.9145237803459167, 0.9492856860160828, 0.943928599357605, 0.9654762148857117, 0.8529762029647827], "val_loss": [2.317689895629883, 1.2585468292236328, 0.6244961023330688, 0.44013723731040955, 0.3787272572517395, 0.24790585041046143, 0.158471941947937, 0.157218798995018, 0.0983496829867363, 0.6169219017028809]}